YEAR,DMCODE,New_DIST,NEW_MANDAL,June,July,August,September,Rainy Day,No Rain,Very Light,Light,Moderate,Heavy,Very Heavy,Extremely Heavy
2017,101,Adilabad,Bheempoor,133,140.3,157.5,75.3,37,66,18,27,10,0,0,0
2017,102,Adilabad,Jainad,268.2,176.05,213.7,165.9,42,50,30,21,19,2,0,0
2017,103,Adilabad,Bela,222.7,185.95,232.6,99.3,43,57,22,27,15,1,0,0
2017,104,Adilabad,Gadiguda,242.3,192,370.1,123.1,48,59,15,31,17,0,0,0
2017,105,Adilabad,Narnoor,160.4,161.35,299.95,158.15,46,53,23,24,22,0,0,0
2017,106,Adilabad,Inderavelly,363.1,133.45,274.25,155.75,51,50,21,35,13,3,0,0
2017,107,Adilabad,Gudihathnur,258.15,130.4,289.45,145.3,44,50,28,25,19,0,0,0
2017,108,Adilabad,Adilabad Rural,369.3,164.7,286.8,145.5,45,53,24,21,24,0,0,0
2017,109,Adilabad,Adilabad Urban,322.7,149.25,201.6,178.36,45,56,21,27,17,1,0,0
2017,110,Adilabad,Mavala,298.8,139.4,168.3,180.1,41,66,15,25,14,2,0,0
2017,111,Adilabad,Tamsi,351.8,139.75,166.6,129.15,43,58,21,24,18,1,0,0
2017,112,Adilabad,Talamadugu,314.65,133.5,202.65,123,40,66,16,22,18,0,0,0
2017,113,Adilabad,Bazarhathnoor,238.25,187.9,335,167,47,47,28,24,21,2,0,0
2017,114,Adilabad,Boath,441.95,112.85,287.3,144.85,45,52,25,27,15,3,0,0
2017,115,Adilabad,Neradigonda,424.15,137.7,314.9,93.35,45,47,30,26,17,0,2,0
2017,116,Adilabad,Ichoda,217.25,121.85,339.5,204.35,48,46,28,28,19,0,1,0
2017,117,Adilabad,Sirikonda,325.2,114.1,340,147.3,45,64,13,27,16,2,0,0
2017,118,Adilabad,Utnur,274.7,166.1,365.5,75.15,46,45,31,29,15,2,0,0
2017,201,Komaram Bheem-Asifabad,Jainoor,161.1,134.1,244.4,95.15,41,58,23,27,14,0,0,0
2017,202,Komaram Bheem-Asifabad,Sirpur_U,237.95,154.75,166.65,92.05,43,55,24,30,11,2,0,0
2017,203,Komaram Bheem-Asifabad,Lingapur,280.2,152.1,148.8,58.8,39,73,10,24,15,0,0,0
2017,204,Komaram Bheem-Asifabad,Tiryani,411.5,96.25,197.15,113.35,42,50,30,27,13,2,0,0
2017,205,Komaram Bheem-Asifabad,Rebbana,63.5,147.14,146.02,69.76,37,55,30,30,7,0,0,0
2017,206,Komaram Bheem-Asifabad,Asifabad,174,130.15,300.25,86.5,37,43,42,21,15,1,0,0
2017,207,Komaram Bheem-Asifabad,Kerameri,211.35,113.15,169.05,144.15,36,65,21,23,12,1,0,0
2017,208,Komaram Bheem-Asifabad,Wankdi,140.4,135.5,166.4,45.35,29,51,42,16,13,0,0,0
2017,209,Komaram Bheem-Asifabad,Kagaznagar,128.05,180.65,258.9,79.05,37,63,22,21,16,0,0,0
2017,210,Komaram Bheem-Asifabad,Sirpur_T,136.01,247.65,142.26,99.33,38,52,32,24,14,0,0,0
2017,211,Komaram Bheem-Asifabad,Kouthala,92.4,299.35,176.6,50.65,35,57,30,24,9,2,0,0
2017,212,Komaram Bheem-Asifabad,Chintalamanepally,74.8,279.4,152.4,105.3,41,45,36,28,13,0,0,0
2017,213,Komaram Bheem-Asifabad,Bejjur,125.35,348,275.9,133.45,41,59,22,18,22,1,0,0
2017,214,Komaram Bheem-Asifabad,Penchikalpet,118.2,257.2,258,106.4,45,56,21,24,21,0,0,0
2017,215,Komaram Bheem-Asifabad,Dahegaon,120.95,233.9,236.65,113.55,36,68,18,21,14,1,0,0
2017,301,Mancherial,Jannaram,349.4,81.35,261.6,85.4,38,55,29,25,11,1,1,0
2017,302,Mancherial,Dandepalle,366.72,88.34,207.33,23.83,29,64,29,15,11,3,0,0
2017,303,Mancherial,Luxettipet,281.9,108,185,38.65,34,60,28,25,8,0,1,0
2017,304,Mancherial,Hajipur,226.6,112.8,127.55,92,35,79,8,23,12,0,0,0
2017,305,Mancherial,Kasipet,77.8,98.8,191.95,142.55,34,61,27,22,12,0,0,0
2017,306,Mancherial,Tandur,109.52,107.04,113.43,129.36,36,61,25,26,10,0,0,0
2017,307,Mancherial,Bheemini,242.05,164.8,195.8,119.2,35,75,12,17,17,1,0,0
2017,308,Mancherial,Kannepalli,155.8,187.6,164.6,120.25,33,61,28,16,17,0,0,0
2017,309,Mancherial,Vemanpalle,128.15,309.2,198.2,62.7,41,50,31,27,13,1,0,0
2017,310,Mancherial,Nennal,106.1,209.2,317.25,87.8,36,52,34,19,16,1,0,0
2017,311,Mancherial,Bellampalle,117.15,149.25,188,120.05,36,59,27,22,14,0,0,0
2017,312,Mancherial,Mandamarri,117.2,139.85,192.75,108.5,41,58,23,29,12,0,0,0
2017,313,Mancherial,Mancherial,175.4,115.3,161.95,148.55,37,60,25,24,13,0,0,0
2017,314,Mancherial,Naspur,162.4,133,187.8,95.2,37,52,33,24,13,0,0,0
2017,315,Mancherial,Jaipur,236.33,167.05,253.65,45.8,42,52,28,27,14,1,0,0
2017,316,Mancherial,Bhimaram,151.3,138.3,212.2,37,33,70,19,19,14,0,0,0
2017,317,Mancherial,Chennur,74.45,159.05,294.5,81.95,37,45,40,24,12,1,0,0
2017,318,Mancherial,Kotapalle,103.44,243.17,367.98,58.74,43,41,38,27,15,1,0,0
2017,401,Nirmal,Kubeer,170.2,130.5,209.65,50.6,37,67,18,29,7,1,0,0
2017,402,Nirmal,Tanur,152.2,135.8,318.5,79.2,37,55,30,28,8,0,1,0
2017,403,Nirmal,Basar,208.2,137.6,312,49.2,40,58,24,30,9,0,1,0
2017,404,Nirmal,Mudhole,223.78,132.69,265.35,37.87,34,47,41,26,7,0,1,0
2017,405,Nirmal,Bhainsa,198.25,86.95,418.35,158.25,37,51,34,24,11,1,0,1
2017,406,Nirmal,Kuntala,280.95,108.15,371.55,162.05,34,62,26,21,10,0,2,1
2017,407,Nirmal,Narsapur_G,290,145.8,228.6,65.7,31,80,11,17,12,1,1,0
2017,408,Nirmal,Lokeswaram,216.78,116.99,280.95,92.93,32,66,24,19,11,1,1,0
2017,409,Nirmal,Dilawarpur,285.5,146.2,302.65,50.8,37,64,21,21,14,2,0,0
2017,410,Nirmal,Sarangapur,202.8,95.85,307.3,124.25,37,60,25,22,14,0,1,0
2017,411,Nirmal,Nirmal,178.73,82.02,193.01,63.47,32,61,29,20,12,0,0,0
2017,412,Nirmal,Nirmal_Rural,198.15,106.65,180.7,47,37,53,32,25,11,1,0,0
2017,413,Nirmal,Soan,301.5,230.2,251.7,120.3,42,58,22,22,19,1,0,0
2017,414,Nirmal,Laxmanchanda,185,113.65,199.1,49.35,36,55,31,27,9,0,0,0
2017,415,Nirmal,Mamda,200.2,105.68,201.77,60.27,41,35,46,31,10,0,0,0
2017,416,Nirmal,Pembi,198.2,104.8,371,125.9,40,59,23,26,13,0,1,0
2017,417,Nirmal,Khanpur,158.83,117.32,329.82,41.64,39,53,30,24,14,1,0,0
2017,418,Nirmal,Kaddampeddur,211.3,84.04,245.02,130.54,38,51,33,23,15,0,0,0
2017,419,Nirmal,Dastuarabad,200.1,84.1,252.2,56.6,33,69,20,20,12,1,0,0
2017,501,Nizamabad,Navipet,260,187,333.55,30.2,40,67,15,25,13,1,1,0
2017,502,Nizamabad,Nandipet,110.1,127.6,223.35,37.49,34,54,34,25,8,1,0,0
2017,503,Nizamabad,Armur,105.33,161.81,150.78,34.18,40,37,45,35,5,0,0,0
2017,504,Nizamabad,Balkonda,92.4,152.95,174.15,169.7,34,71,17,20,14,0,0,0
2017,505,Nizamabad,Mupkal,101.7,163.2,127.5,147.7,36,73,13,27,9,0,0,0
2017,506,Nizamabad,Mendora,285.7,178.4,194.6,180,46,57,19,29,16,1,0,0
2017,507,Nizamabad,Yergatla,110,169.6,112.6,65.7,35,79,8,26,9,0,0,0
2017,508,Nizamabad,Kammarpalle,143.45,133.55,156.75,51,37,50,35,27,10,0,0,0
2017,509,Nizamabad,Mortad,115.45,167.9,132.65,63.25,36,66,20,27,9,0,0,0
2017,510,Nizamabad,Vailpur,236.15,148.7,124.15,49.6,39,62,21,26,12,1,0,0
2017,511,Nizamabad,Jakranpalle,158.9,137.45,188.7,83.05,34,70,18,23,10,1,0,0
2017,512,Nizamabad,Makloor,213.9,166.65,316.15,49.35,41,58,23,28,12,1,0,0
2017,513,Nizamabad,Nizamabad_North,139.3,125.75,262.25,78.15,34,61,27,24,8,2,0,0
2017,514,Nizamabad,Yeda_Palle,173.3,95.91,325.55,67.96,41,43,38,31,7,3,0,0
2017,515,Nizamabad,Ranjal,247.65,154.3,428.7,26.55,36,52,34,20,15,0,1,0
2017,516,Nizamabad,Bodhan,215.71,169.12,282.14,55.07,40,42,40,27,12,0,1,0
2017,517,Nizamabad,Kotgiri,248.45,106.95,240.6,122.45,42,56,24,26,15,0,1,0
2017,518,Nizamabad,Rudrur,225.8,127,301.8,151.5,45,40,37,31,13,0,1,0
2017,519,Nizamabad,Varni,170.95,127.45,359.4,117.9,39,52,31,26,11,1,1,0
2017,520,Nizamabad,Nizamabad_Rural,142.7,128.7,264.2,39,36,71,15,26,8,2,0,0
2017,521,Nizamabad,Nizamabad_South,148.5,133.15,304,76.25,38,68,16,26,10,2,0,0
2017,522,Nizamabad,Mugpal,157.9,124.6,221.7,54.2,31,75,16,20,9,2,0,0
2017,523,Nizamabad,Dichpalle,153,119.23,240.55,74.03,28,59,35,18,8,2,0,0
2017,524,Nizamabad,Indalwai,224.7,147.6,202.4,57.5,38,46,38,25,11,2,0,0
2017,525,Nizamabad,Dharpalle,196.4,95.7,120.75,27.75,36,67,19,30,5,1,0,0
2017,526,Nizamabad,Bheemgal,193.8,155.1,145.3,31.1,40,70,12,32,8,0,0,0
2017,527,Nizamabad,Sirkonda,183.63,152.35,145.83,41.08,39,46,37,30,8,1,0,0
2017,601,Jagtial,Ibrahimpatnam,142,233.5,246.4,69.55,39,62,21,21,17,1,0,0
2017,602,Jagtial,Mallapur,110.05,159.6,284.15,34,35,64,23,21,14,0,0,0
2017,603,Jagtial,Raikal,174.3,141.85,270.87,41.5,35,49,38,19,15,1,0,0
2017,604,Jagtial,Beerpur,264.5,122.7,284.2,16.9,33,67,22,19,13,0,1,0
2017,605,Jagtial,Sarangapur,310.7,113.4,261.4,11.7,31,68,23,16,14,1,0,0
2017,606,Jagtial,Dharmapuri,154.89,98.92,282.13,48.03,34,53,35,21,13,0,0,0
2017,607,Jagtial,Buggaram,181.8,95,218.2,20.9,35,70,17,25,10,0,0,0
2017,608,Jagtial,Jagityal_Rural,172,116.8,191,8.1,34,78,10,24,10,0,0,0
2017,609,Jagtial,Jagtial,228.7,113.35,166.95,8.8,35,75,12,26,8,1,0,0
2017,610,Jagtial,Medipalle,133.8,116.98,169.54,90.35,40,39,43,28,12,0,0,0
2017,611,Jagtial,Koratla,176.95,122.4,238.5,44.09,34,79,9,25,7,1,1,0
2017,612,Jagtial,Metpalle,143.72,160.99,191.32,22.76,35,63,24,26,8,1,0,0
2017,613,Jagtial,Kathlapur,156.15,108.3,136.8,45.3,25,64,33,14,10,1,0,0
2017,614,Jagtial,Kodimial,124.18,92.08,114.94,35.7,31,54,37,22,9,0,0,0
2017,615,Jagtial,Malial,170.92,88.93,147.32,32.83,36,49,37,30,6,0,0,0
2017,616,Jagtial,Pegadapalle,121.35,101.35,96.95,13.35,25,66,31,16,9,0,0,0
2017,617,Jagtial,Gollapalle,234.8,91.8,167.45,24.1,34,72,16,25,8,1,0,0
2017,618,Jagtial,Velgatoor,223.37,124.48,222.08,44.8,39,56,27,28,9,2,0,0
2017,701,Peddapalli,Dharmaram,141.4,111.9,144.3,8.8,35,59,28,27,8,0,0,0
2017,702,Peddapalli,Palakurthy,116,112.95,100.95,61.45,28,37,57,20,8,0,0,0
2017,703,Peddapalli,Antargoan,198.2,108.6,80,43.6,25,87,10,15,9,1,0,0
2017,704,Peddapalli,Ramagundam,237.85,139.52,91.29,73.51,39,40,43,29,9,1,0,0
2017,705,Peddapalli,Ramagiri,283.9,129.3,101.9,93.2,41,69,12,28,13,0,0,0
2017,706,Peddapalli,Kamanpur,293.8,138.95,112.7,105.25,36,60,26,24,10,2,0,0
2017,707,Peddapalli,Peddapalle,180.88,92.92,191.5,43.28,32,43,47,20,12,0,0,0
2017,708,Peddapalli,Julapalle,245.9,128.7,154.15,47.05,27,73,22,15,11,1,0,0
2017,709,Peddapalli,Elgaid,175.65,201.75,119.25,61.7,36,58,28,23,13,0,0,0
2017,710,Peddapalli,Sultanabad,244.01,184,148.75,77.98,35,70,17,17,18,0,0,0
2017,711,Peddapalli,Odela,268.9,159.2,147.05,64.3,37,59,26,22,15,0,0,0
2017,712,Peddapalli,Srirampur,177.42,155.3,214.97,59.72,37,42,43,22,15,0,0,0
2017,713,Peddapalli,Mutharam_Manthani,202.5,100.65,198.95,46.55,35,55,32,21,14,0,0,0
2017,714,Peddapalli,Manthani,182.45,207.22,151.02,30.69,42,51,29,32,9,1,0,0
2017,801,Jayashankar-Bhupalpally,Mahadevpur,118.04,238.94,225.17,88.59,41,47,34,25,16,0,0,0
2017,802,Jayashankar-Bhupalpally,Palmela,140.2,233.2,212.8,63.9,34,83,5,16,17,1,0,0
2017,803,Jayashankar-Bhupalpally,Mutharam_Mahadevpur,233.35,199.65,272.05,93.15,42,71,9,18,24,0,0,0
2017,804,Jayashankar-Bhupalpally,Kataram,108.12,228.27,215.48,102.17,45,48,29,31,14,0,0,0
2017,805,Jayashankar-Bhupalpally,Malharrao,73.69,198.73,214,63.64,36,73,13,24,12,0,0,0
2017,806,Jayashankar-Bhupalpally,Chityal,185.1,189.1,277.05,131.65,47,60,15,30,16,1,0,0
2017,807,Jayashankar-Bhupalpally,Tekumatla,210.6,182.8,220.9,121.3,43,56,23,26,17,0,0,0
2017,808,Jayashankar-Bhupalpally,Mogullapalle,232.6,174.75,208.25,95,41,62,19,25,15,1,0,0
2017,809,Jayashankar-Bhupalpally,Regonda,197.15,207.25,257.1,126.3,37,73,12,21,15,1,0,0
2017,810,Jayashankar-Bhupalpally,Ghanapur_Mulug,245.7,220.6,285.9,127,51,48,23,29,22,0,0,0
2017,811,Jayashankar-Bhupalpally,Bhupalpalle,307.4,199.4,243.65,134.8,48,57,17,26,22,0,0,0
2017,812,Jayashankar-Bhupalpally,Venkatapur,399.21,217.93,416.04,168.18,44,43,35,18,24,1,1,0
2017,813,Jayashankar-Bhupalpally,Mulug,225.94,165.5,222.9,92.4,48,39,35,33,14,1,0,0
2017,814,Jayashankar-Bhupalpally,Govindaraopet,212.8,228.65,380.55,121.45,47,56,19,29,16,1,1,0
2017,815,Jayashankar-Bhupalpally,Tadvai,249.1,237.85,263.8,177.2,49,55,18,26,22,1,0,0
2017,816,Jayashankar-Bhupalpally,Eturunagaram,210.25,209.2,268,85.2,45,59,18,27,17,1,0,0
2017,817,Jayashankar-Bhupalpally,Kannaigudem,203.6,207.6,305.3,84.5,41,73,8,23,17,1,0,0
2017,818,Jayashankar-Bhupalpally,Wazeed,220.25,308.23,334.02,97.33,48,53,21,27,20,1,0,0
2017,819,Jayashankar-Bhupalpally,Venkatapuram,257.83,248.9,321.94,43.86,50,54,18,30,20,0,0,0
2017,820,Jayashankar-Bhupalpally,Mangapet,310.93,255.64,358.39,102.04,54,29,39,27,27,0,0,0
2017,901,Bhadradri-Kothagudem,Karakagudem,318,265.6,223.2,77.2,41,68,13,22,17,2,0,0
2017,902,Bhadradri-Kothagudem,Pinapaka,348.25,263.2,232.7,138.4,48,59,15,28,18,2,0,0
2017,903,Bhadradri-Kothagudem,Cherla,408.8,292.35,315.4,94.85,52,55,15,24,25,3,0,0
2017,904,Bhadradri-Kothagudem,Dummugudem,337.75,199.5,400.45,85.85,50,54,18,25,23,2,0,0
2017,905,Bhadradri-Kothagudem,Aswapuram,280.85,147.75,356.1,101.05,48,50,24,28,19,1,0,0
2017,906,Bhadradri-Kothagudem,Manuguru,362.4,223.35,277.65,55.85,49,49,24,27,21,1,0,0
2017,907,Bhadradri-Kothagudem,Allapalli,211.3,161,196.9,72.8,33,71,18,20,12,1,0,0
2017,908,Bhadradri-Kothagudem,Gundala,313.8,170.3,260.75,92.4,48,53,21,29,18,1,0,0
2017,909,Bhadradri-Kothagudem,Yellandu,192.85,231.5,239.6,78.9,48,49,25,29,19,0,0,0
2017,910,Bhadradri-Kothagudem,Tekulapalle,275.6,218.3,204.65,116,41,51,30,21,20,0,0,0
2017,911,Bhadradri-Kothagudem,Julurpad,291.2,225.35,227.8,95.8,43,56,23,21,21,1,0,0
2017,912,Bhadradri-Kothagudem,Chandrugonda,207.85,224.5,268.1,97.4,47,54,21,30,17,0,0,0
2017,913,Bhadradri-Kothagudem,Annapureddipalle,473.7,241.1,343.2,106.9,41,49,32,18,20,3,0,0
2017,914,Bhadradri-Kothagudem,Chunchupally,303.8,295.9,266.1,27.9,42,54,26,24,15,3,0,0
2017,915,Bhadradri-Kothagudem,Sujathanagar,268.6,234.7,202.9,52.4,43,55,24,28,15,0,0,0
2017,916,Bhadradri-Kothagudem,Kothagudem,350.95,243.9,265.55,84.8,45,52,25,25,19,1,0,0
2017,917,Bhadradri-Kothagudem,Laxmidevipalli,263.5,215.8,249.4,76,38,74,10,18,20,0,0,0
2017,918,Bhadradri-Kothagudem,Palawancha,301.8,254.7,300.6,72.65,47,53,22,27,19,1,0,0
2017,919,Bhadradri-Kothagudem,Burgampadu,425.9,331.9,260.3,281.15,49,54,19,24,22,1,2,0
2017,920,Bhadradri-Kothagudem,Bhadrachalam,245.62,317.31,265.27,136.69,49,39,34,27,21,1,0,0
2017,921,Bhadradri-Kothagudem,Mulakalapalle,294.45,253.95,271.75,100.55,42,51,29,25,15,1,1,0
2017,922,Bhadradri-Kothagudem,Dammapeta,287.25,268.28,296.67,83.63,45,35,42,20,25,0,0,0
2017,923,Bhadradri-Kothagudem,Aswaraopeta,212.77,278.75,207.55,101.5,44,47,31,25,19,0,0,0
2017,1001,Mahabubabad,Kothaguda,294.2,340.3,315.6,142.45,46,60,16,22,22,2,0,0
2017,1002,Mahabubabad,Ganagavaram,261.3,263.9,268.4,187.1,47,58,17,24,21,2,0,0
2017,1003,Mahabubabad,Bayyaram,145.9,193.65,283.55,89.35,43,48,31,29,14,0,0,0
2017,1004,Mahabubabad,Garla,190.2,250.45,281.3,174.9,47,57,18,25,21,1,0,0
2017,1005,Mahabubabad,Dornakal,193.28,182.02,185.56,180.81,45,35,42,25,19,1,0,0
2017,1006,Mahabubabad,Kuravi,172.35,189.5,346.5,146.3,47,39,36,28,17,2,0,0
2017,1007,Mahabubabad,Mahabubabad,167.98,247.14,299.7,50.85,49,35,38,30,19,0,0,0
2017,1008,Mahabubabad,Gudur,224.5,225.5,225.75,153.35,50,55,17,30,20,0,0,0
2017,1009,Mahabubabad,Kesamudram,293.35,161.5,236.85,74.4,39,51,32,21,17,1,0,0
2017,1010,Mahabubabad,Nellikudur,152.3,193.6,237,88.4,48,51,23,31,17,0,0,0
2017,1011,Mahabubabad,Narsimhulapet,138.73,167.2,185.58,141.03,39,49,34,23,16,0,0,0
2017,1012,Mahabubabad,Chinnagudur,133.6,167.2,347.3,160.9,44,49,29,27,16,1,0,0
2017,1013,Mahabubabad,Maripeda,226.6,167.45,168.5,195.4,38,49,35,21,15,2,0,0
2017,1014,Mahabubabad,Danthalapalle,154.1,165.8,198.8,102.8,33,77,12,17,15,1,0,0
2017,1015,Mahabubabad,Thorrur,291.3,213.6,291.15,215.15,56,41,25,34,20,2,0,0
2017,1016,Mahabubabad,Peddavangara,185,222.7,203,135.5,33,73,16,15,18,0,0,0
2017,1101,Warangal Rural,Parkal,239.3,185.8,232.25,128.45,44,60,18,24,19,1,0,0
2017,1102,Warangal Rural,Shayampet,237.4,227.9,277.05,166.8,44,53,25,25,18,0,1,0
2017,1103,Warangal Rural,Damera,204.8,186.55,248.6,106,37,56,29,22,14,0,1,0
2017,1104,Warangal Rural,Geesugonda,273.34,200.89,209.38,144.86,40,57,25,22,16,2,0,0
2017,1105,Warangal Rural,Atmakur,167.65,193.2,222.55,197.6,40,44,38,24,14,1,1,0
2017,1106,Warangal Rural,Duggondi,199,223.65,332.9,194.4,39,73,10,23,14,1,0,1
2017,1107,Warangal Rural,Nallabelly,267.03,249.45,376.34,308.58,44,48,30,19,21,3,1,0
2017,1108,Warangal Rural,Narsampet,230.75,198.05,210.4,180.15,47,54,21,26,21,0,0,0
2017,1109,Warangal Rural,Khanapur,283.3,237.35,274.9,216.6,50,61,11,26,23,1,0,0
2017,1110,Warangal Rural,Chennaraopeta,271.35,228.7,289.95,192.85,51,54,17,30,19,2,0,0
2017,1111,Warangal Rural,Sangem,342.31,184.9,238.8,176.32,41,52,29,14,26,1,0,0
2017,1112,Warangal Rural,Wardhannapet,160.7,110.4,107.25,133.55,35,59,28,25,10,0,0,0
2017,1113,Warangal Rural,Raiparthy,150.35,153.65,157.6,160,38,60,24,24,14,0,0,0
2017,1114,Warangal Rural,Parvathagiri,295.9,127.84,183.74,106.48,43,44,35,28,14,1,0,0
2017,1115,Warangal Rural,Nekkonda,268.86,126.49,154.96,156.93,43,47,32,25,18,0,0,0
2017,1201,Warangal Urban,Bheemadevarapalle,296.65,159.95,153.7,177.75,40,67,15,20,20,0,0,0
2017,1202,Warangal Urban,Velair,88.1,133,170.4,103.9,25,97,0,10,15,0,0,0
2017,1203,Warangal Urban,Elkathurthi,253.1,103.35,215.75,168.05,43,53,26,30,11,2,0,0
2017,1204,Warangal Urban,Kamalapur,178.64,121.46,144.34,56.69,34,55,33,21,13,0,0,0
2017,1205,Warangal Urban,Hasanparthy,274.4,178.33,231,165.19,45,48,29,25,19,1,0,0
2017,1206,Warangal Urban,Dharmasagar,204.87,120.72,163.37,198.12,37,56,29,19,17,1,0,0
2017,1207,Warangal Urban,Khazipet,226,177.6,213.6,249.2,43,53,26,25,16,2,0,0
2017,1208,Warangal Urban,Hanamkonda,174.65,166.35,176.15,213.55,45,60,17,29,15,1,0,0
2017,1209,Warangal Urban,Warangal,169.93,137.23,199.42,169.57,40,45,37,28,11,1,0,0
2017,1210,Warangal Urban,Khilla_Warangal,151.2,143.9,179.3,167.7,40,59,23,24,15,1,0,0
2017,1211,Warangal Urban,Inole,103.7,106.75,133.55,96.2,32,42,48,22,10,0,0,0
2017,1301,Karimnagar,Gangadhara,207.99,214.99,117.46,118.31,38,47,37,23,14,1,0,0
2017,1302,Karimnagar,Ramadugu,91.15,155,103.65,37.35,33,61,28,28,5,0,0,0
2017,1303,Karimnagar,Choppadandi,193.76,178.69,91.57,54.28,31,41,49,20,10,1,0,0
2017,1304,Karimnagar,Karimnagar_Rural,202.45,186.2,108.5,44,36,54,32,22,14,0,0,0
2017,1305,Karimnagar,Kothapalle,215,172.3,113,41.3,38,54,30,28,10,0,0,0
2017,1306,Karimnagar,Gannervaram,164.4,79.3,139.7,75.7,30,58,34,19,11,0,0,0
2017,1307,Karimnagar,Karimnagar,196,175.21,140.39,68.61,39,62,21,25,14,0,0,0
2017,1308,Karimnagar,Manakondur,113.27,135.21,120.97,63.16,34,41,47,24,10,0,0,0
2017,1309,Karimnagar,Thimmapur,178.57,175.62,101.21,83.15,37,53,32,29,8,0,0,0
2017,1310,Karimnagar,Chigurumamidi,304.25,106.8,168.58,116,38,41,43,22,15,1,0,0
2017,1311,Karimnagar,V_Saidapur,394,104.5,171.75,179.6,36,63,23,19,14,3,0,0
2017,1312,Karimnagar,Shankarapatnam,156.31,88.87,179.43,164.87,35,54,33,20,15,0,0,0
2017,1313,Karimnagar,Veenavanka,250.25,120.8,159.35,29.65,33,67,22,18,15,0,0,0
2017,1314,Karimnagar,Huzurabad,293.9,124.9,174.7,181.6,39,69,14,19,19,1,0,0
2017,1315,Karimnagar,Jammikunta,212.74,139.58,131.95,71.26,34,53,35,19,15,0,0,0
2017,1316,Karimnagar,Ellandakunta,248.7,170.2,154.7,110.1,39,72,11,23,16,0,0,0
2017,1401,Rajanna-Siricilla,Rudrangi,131.95,153.3,96.3,61.3,35,51,36,29,6,0,0,0
2017,1402,Rajanna-Siricilla,Chandurthi,202.3,138.15,87.05,41.5,35,65,22,30,4,1,0,0
2017,1403,Rajanna-Siricilla,Vemulawada_Rural,226.1,142.65,119.65,139.95,41,52,29,25,16,0,0,0
2017,1404,Rajanna-Siricilla,Boinpalle,198.5,118,104.1,78.5,34,71,17,24,10,0,0,0
2017,1405,Rajanna-Siricilla,Vemulawada,271.3,143.55,124.95,127.85,40,57,25,26,12,2,0,0
2017,1406,Rajanna-Siricilla,Sirsilla,253.5,119.35,189.09,90.65,36,61,25,25,9,2,0,0
2017,1407,Rajanna-Siricilla,Konaraopeta,148.78,96.25,129.59,47.14,31,56,35,22,9,0,0,0
2017,1408,Rajanna-Siricilla,Veernapalle,218.9,99.7,134.4,132.4,35,44,43,24,9,2,0,0
2017,1409,Rajanna-Siricilla,Yellareddypeta,200.4,86.2,146.55,95.15,30,77,15,21,9,0,0,0
2017,1410,Rajanna-Siricilla,Gambhiraopeta,132.18,154.2,183.15,61.07,31,55,36,18,13,0,0,0
2017,1411,Rajanna-Siricilla,Mustabad,255.25,163.26,98.97,77.39,34,29,59,22,12,0,0,0
2017,1412,Rajanna-Siricilla,Thangallapalle,209.4,94.4,94.4,48.6,32,60,30,25,6,1,0,0
2017,1413,Rajanna-Siricilla,Ellanthakunta,108.29,93.64,100.71,73.9,31,57,34,22,9,0,0,0
2017,1501,Kamareddy,Madnur,232.77,164.09,178.27,49.73,39,43,40,26,12,1,0,0
2017,1502,Kamareddy,Jukkal,351.85,132.6,302.05,65.2,34,63,25,16,16,2,0,0
2017,1503,Kamareddy,Pedda Kodapgal,226.9,131.3,305,116,41,58,23,22,18,1,0,0
2017,1504,Kamareddy,Bichkunda,273.85,160.2,266.6,63.75,35,60,27,20,13,1,1,0
2017,1505,Kamareddy,Birkoor,195,151.7,240.5,73.75,38,63,21,26,10,2,0,0
2017,1506,Kamareddy,Nasurullabad,189.2,284.2,258.6,85.3,45,71,6,28,16,1,0,0
2017,1507,Kamareddy,Banswada,155.55,173.35,282.15,41.05,39,66,17,27,11,1,0,0
2017,1508,Kamareddy,Pitlam,238.7,129.85,268.15,61.05,36,61,25,19,16,0,1,0
2017,1509,Kamareddy,Nizamsagar,190.17,168.57,380.74,55.1,44,29,49,32,11,0,1,0
2017,1510,Kamareddy,Naga_Reddipet,227.45,127.6,363,63.9,44,59,19,28,14,2,0,0
2017,1511,Kamareddy,Yellareddy,257.8,178.1,381.45,83.25,47,50,25,33,12,1,1,0
2017,1512,Kamareddy,Lingampet,239.65,246.75,440.4,35.9,44,57,21,24,18,2,0,0
2017,1513,Kamareddy,Gandhari,230.12,199.35,376.82,71.17,41,38,43,21,18,1,1,0
2017,1514,Kamareddy,Sadasivanagar,146.25,123.25,321.9,51.4,31,67,24,18,11,2,0,0
2017,1515,Kamareddy,Tadwai,228.8,304.55,313.5,14.45,43,60,19,29,12,2,0,0
2017,1516,Kamareddy,Rajampet,164.5,289.3,259.4,8,35,80,7,21,12,2,0,0
2017,1517,Kamareddy,Bhiknur,243.7,178.2,189.3,62.15,36,49,37,20,16,0,0,0
2017,1518,Kamareddy,Kamareddy,206.08,176.58,244.12,64.38,38,56,28,24,13,1,0,0
2017,1519,Kamareddy,Ramareddy,170.6,119.8,333.2,51.2,29,78,15,14,13,1,1,0
2017,1520,Kamareddy,Machareddy,188.48,142.01,281.02,93.01,42,41,39,28,12,2,0,0
2017,1521,Kamareddy,Domakonda,263,303.95,266.5,69.8,38,64,20,18,18,2,0,0
2017,1522,Kamareddy,Bibipet,222.8,178.8,134.2,96.3,41,63,18,22,19,0,0,0
2017,1601,Sangareddy,Kangti,231.55,105.05,229.8,63.8,31,71,20,17,13,1,0,0
2017,1602,Sangareddy,Sirgapoor,260.8,118.6,268.1,68.5,34,77,11,24,8,0,2,0
2017,1603,Sangareddy,Kalher,232.75,109.8,201.1,72.4,31,57,34,17,13,1,0,0
2017,1604,Sangareddy,Narayankhed,233,89.85,320.67,36.24,37,59,26,24,12,0,1,0
2017,1605,Sangareddy,Nagalgidda,168.1,85.2,263.7,96.4,35,73,14,23,11,1,0,0
2017,1606,Sangareddy,Manoor,238.75,81.1,248.1,90.8,34,66,22,22,10,2,0,0
2017,1607,Sangareddy,Raikode,163.4,118.65,184.2,188.3,40,63,19,26,14,0,0,0
2017,1608,Sangareddy,Naykal,222.4,113.75,221.85,187.9,34,58,30,20,12,1,1,0
2017,1609,Sangareddy,Zahirabad,244.6,165.15,288.85,109.39,38,59,25,18,18,2,0,0
2017,1610,Sangareddy,Mogdampalle,238.5,172.7,353.4,113.8,39,64,19,19,18,2,0,0
2017,1611,Sangareddy,Kohir,136,130.4,220.35,80.01,35,59,28,25,10,0,0,0
2017,1612,Sangareddy,Jharasangam,167.05,72.6,169.25,74.75,28,62,32,18,9,1,0,0
2017,1613,Sangareddy,Munipalli,134,127.7,188.75,108.81,29,74,19,14,15,0,0,0
2017,1614,Sangareddy,Watpalle,133.4,122.5,212.5,164.4,32,78,12,20,10,2,0,0
2017,1615,Sangareddy,Andhole,167.53,202.73,209.51,152.21,41,46,35,26,15,0,0,0
2017,1616,Sangareddy,Pulkal,177.6,168.2,169.4,178.3,28,84,10,13,14,1,0,0
2017,1617,Sangareddy,Sadasivpet,108.2,120.2,197.85,132.1,35,55,32,19,16,0,0,0
2017,1618,Sangareddy,Kondapur,103.6,106.4,164.8,107.9,29,77,16,19,9,1,0,0
2017,1619,Sangareddy,Sangareddy,197.15,139.26,184.13,216.05,39,56,27,23,15,1,0,0
2017,1620,Sangareddy,Hathanoora,106.75,199.51,173.17,160.39,36,48,38,22,14,0,0,0
2017,1621,Sangareddy,Gummadidala,122.7,169.6,117.6,171.1,30,87,5,21,8,1,0,0
2017,1622,Sangareddy,Jinnaram,130.8,175.85,136.45,137.25,36,57,29,26,10,0,0,0
2017,1623,Sangareddy,Kandi,199.2,136.5,220.55,189.6,35,63,24,20,12,3,0,0
2017,1624,Sangareddy,Patancheruvu,175,142.65,233.7,253.41,42,56,24,26,14,2,0,0
2017,1625,Sangareddy,Ameenapur,129.7,241.5,210.4,192.7,38,69,15,24,10,4,0,0
2017,1626,Sangareddy,Ramachandrapuram,110.8,121.7,269.9,127.21,33,67,22,21,11,1,0,0
2017,1701,Medak,Shankarampet_A,114.05,150.05,164,45.95,29,62,31,19,10,0,0,0
2017,1702,Medak,Regode,256.75,103.8,235.85,80.3,33,58,31,23,8,2,0,0
2017,1703,Medak,Alladurg,105.2,150.4,248.5,135.55,38,65,19,25,12,1,0,0
2017,1704,Medak,Tekmal,109.21,139.52,277.32,73.63,35,47,40,21,14,0,0,0
2017,1705,Medak,Papannapet,118.26,131.73,218.75,52.97,34,63,25,25,8,1,0,0
2017,1706,Medak,Havelighanpur,112.06,167.26,231.52,23.98,37,42,43,28,8,1,0,0
2017,1707,Medak,Ramayampet,230.29,139.34,180.2,53.04,40,30,52,27,13,0,0,0
2017,1708,Medak,Nizampet,184,146.4,188.6,40.6,30,92,0,16,14,0,0,0
2017,1709,Medak,Chegunta,214.15,149.3,142.05,60.55,39,67,16,26,13,0,0,0
2017,1710,Medak,Narsingi,206.2,170.2,215.9,86.9,40,63,19,26,14,0,0,0
2017,1711,Medak,Shankarampet_R,158.95,127.2,140.2,55.2,31,66,25,20,11,0,0,0
2017,1712,Medak,Medak,203.6,185.14,345.03,36.91,42,57,23,27,13,2,0,0
2017,1713,Medak,Kulcharam,71.1,92.35,150.4,55.4,31,72,19,24,7,0,0,0
2017,1714,Medak,Chilipched,83,122.9,166.1,138.2,34,64,24,24,10,0,0,0
2017,1715,Medak,Kowdipalle,60.39,153.27,200.28,120.99,38,36,48,27,10,1,0,0
2017,1716,Medak,Narsapur,135.23,181.4,185.77,134.13,35,47,40,21,13,1,0,0
2017,1717,Medak,Shivampet,114.87,151.37,133.53,156.58,33,50,39,20,12,1,0,0
2017,1718,Medak,Yeldurthy,194.76,122.94,107.66,81.15,39,28,55,27,12,0,0,0
2017,1719,Medak,Tupran,125.45,166.95,129.05,87.7,39,64,19,24,15,0,0,0
2017,1720,Medak,Manoharabad,165.5,160.15,108,114.5,36,36,50,22,14,0,0,0
2017,1801,Siddipet,Dubbak,184.27,182.99,110.47,68.42,40,59,23,30,10,0,0,0
2017,1802,Siddipet,Siddipet_Rural,270.2,114.7,67.6,82,20,86,16,9,9,2,0,0
2017,1803,Siddipet,Chinnakodur,222.7,148.15,74.4,69.15,32,51,39,21,10,1,0,0
2017,1804,Siddipet,Bejjanki,250.75,105.95,122.85,135.45,35,70,17,20,15,0,0,0
2017,1805,Siddipet,Koheda,245.52,142.64,120.5,157.09,38,59,25,20,18,0,0,0
2017,1806,Siddipet,Husnabad,326.15,187.95,161.2,179.15,44,49,29,24,19,1,0,0
2017,1807,Siddipet,Anthakkapeta,350.7,159.1,125.65,85.55,35,69,18,17,18,0,0,0
2017,1808,Siddipet,Nanganur,297.5,117.65,84.85,81.05,31,66,25,18,13,0,0,0
2017,1809,Siddipet,Siddipet_Urban,305.6,123.9,72.05,92.5,28,64,30,15,11,2,0,0
2017,1810,Siddipet,Thoguta,218.7,134.13,115.8,87.32,36,35,51,24,12,0,0,0
2017,1811,Siddipet,Mirdoddi,299.7,155.8,134.8,125.15,32,79,11,14,17,1,0,0
2017,1812,Siddipet,Doultabad,194.6,128.55,87.6,106.15,42,40,40,35,6,1,0,0
2017,1813,Siddipet,Rayapole,164.6,156.45,142.7,98.5,37,56,29,26,11,0,0,0
2017,1814,Siddipet,Wargal,161.1,124.1,99.35,109.4,33,66,23,20,13,0,0,0
2017,1815,Siddipet,Mulug,123.1,103.6,99.35,98.3,32,60,30,24,8,0,0,0
2017,1816,Siddipet,Markook,135.2,94,96.9,80.5,32,80,9,26,5,1,0,0
2017,1817,Siddipet,Jagadevpur,173.65,150.39,91.03,163.6,36,56,30,27,7,2,0,0
2017,1818,Siddipet,Gajwel,275.13,337.01,128.4,65.96,32,60,30,15,15,2,0,0
2017,1819,Siddipet,Kondapak,207.35,137.3,95.15,104.45,36,49,37,24,12,0,0,0
2017,1820,Siddipet,Komaravelly,258.3,130.5,75.1,107.2,30,78,13,18,11,1,0,0
2017,1821,Siddipet,Cheriyal,224.79,131.43,102.4,172.25,37,48,37,21,16,0,0,0
2017,1822,Siddipet,Maddur,257.85,105.1,79.95,190.7,36,60,26,22,13,1,0,0
2017,1901,Jangaon,Tharigoppula,205.3,203.3,130.3,86,35,73,14,19,16,0,0,0
2017,1902,Jangaon,Chilpur,149.7,135.5,94.2,186.8,31,52,39,20,10,1,0,0
2017,1903,Jangaon,Zaffergadh,133.53,112.6,123.32,140.45,34,60,28,24,10,0,0,0
2017,1904,Jangaon,Ganpur_Stn,170.31,143.02,143.31,233.99,35,66,21,19,15,1,0,0
2017,1905,Jangaon,Raghunathpalle,54.5,18.1,138.85,264.1,33,64,25,24,9,0,0,0
2017,1906,Jangaon,Narmetta,197.5,145.8,102.9,92.35,31,62,29,18,13,0,0,0
2017,1907,Jangaon,Bachannapeta,241.56,142.42,103.82,132.2,39,54,29,26,13,0,0,0
2017,1908,Jangaon,Jangaon,207.4,123.02,96.08,119.63,40,63,19,27,13,0,0,0
2017,1909,Jangaon,Lingalaghanpur,243.05,145.55,173.5,138.35,40,57,25,27,12,1,0,0
2017,1910,Jangaon,Gundala,68.6,81.75,93.55,125.15,33,74,15,28,5,0,0,0
2017,1911,Jangaon,Devaruppala,180.96,144.25,140.37,69.06,40,43,39,27,13,0,0,0
2017,1912,Jangaon,Palakurthi,199.1,213.45,223.55,138.12,47,17,58,28,19,0,0,0
2017,1913,Jangaon,Kodakandla,206.55,233.65,238.6,139.35,40,54,28,22,18,0,0,0
2017,2001,Yadadri-Bhongir,Turkapalle_M,112.45,101.85,45.2,129.65,29,70,23,23,5,1,0,0
2017,2002,Yadadri-Bhongir,Rajapet,118.85,108.4,83.59,97.13,34,48,40,26,8,0,0,0
2017,2003,Yadadri-Bhongir,Alair,160.49,68.93,53.23,117.17,29,42,51,22,7,0,0,0
2017,2004,Yadadri-Bhongir,Mootakondur,98.1,37.5,177.9,180.1,23,71,28,15,6,2,0,0
2017,2005,Yadadri-Bhongir,Yadagirigutta,105.1,70.55,138.45,128.1,30,61,31,21,8,1,0,0
2017,2006,Yadadri-Bhongir,Bhongiri,248.27,78.61,117.08,158.85,38,39,45,23,15,0,0,0
2017,2007,Yadadri-Bhongir,Bommalaramaram,68.87,43.49,81.99,129.3,23,68,31,15,8,0,0,0
2017,2008,Yadadri-Bhongir,Bibinagar,264.56,91.89,151.29,176.27,37,54,31,22,14,1,0,0
2017,2009,Yadadri-Bhongir,Pochampalle,247.2,149.05,139,334.05,45,70,7,28,14,3,0,0
2017,2010,Yadadri-Bhongir,Choutuppal,173.17,97.49,75.59,296,32,52,38,18,12,2,0,0
2017,2011,Yadadri-Bhongir,Narayanapur,201.45,81.34,98.88,219.13,41,48,33,26,15,0,0,0
2017,2012,Yadadri-Bhongir,Ramannapeta,248.55,90.87,146.34,181.8,45,56,21,30,14,1,0,0
2017,2013,Yadadri-Bhongir,Valigonda,231.79,112.27,117.54,205.58,40,53,29,27,12,1,0,0
2017,2014,Yadadri-Bhongir,Atmakur_M,209.75,61.55,125.75,60.95,30,62,30,25,4,1,0,0
2017,2015,Yadadri-Bhongir,Mothkur,235.53,98.65,166.99,145.08,39,48,35,25,14,0,0,0
2017,2016,Yadadri-Bhongir,Addagudur,153.6,89.9,208.3,108.1,41,70,11,27,14,0,0,0
2017,2101,Medchal-Malkajgiri,Medchel,220.05,160.3,82.5,136.2,34,73,15,20,14,0,0,0
2017,2102,Medchal-Malkajgiri,Dundigal_Gandimaisamma,196.1,171.4,196.3,185,36,63,23,21,14,1,0,0
2017,2103,Medchal-Malkajgiri,Bachpalle,131,174.3,189.4,123.3,35,62,25,25,9,1,0,0
2017,2104,Medchal-Malkajgiri,Quthbullapur,146.95,163.32,235.29,174.46,35,52,35,22,12,1,0,0
2017,2105,Medchal-Malkajgiri,Kukatpally,161.03,207.8,299.5,222.3,41,64,17,24,15,1,1,0
2017,2106,Medchal-Malkajgiri,Balanagar,200.17,172.04,267.97,194.87,43,60,19,30,10,2,1,0
2017,2107,Medchal-Malkajgiri,Alwal,256.8,137.2,264.6,230.9,41,70,11,24,14,3,0,0
2017,2108,Medchal-Malkajgiri,Malkajgiri,263.55,139.85,235.85,284.65,39,58,25,24,12,2,1,0
2017,2109,Medchal-Malkajgiri,Uppal,266.75,147.9,232.08,187.3,41,52,29,29,9,3,0,0
2017,2110,Medchal-Malkajgiri,Medipally,263.5,122.1,283.5,153.5,40,60,22,25,12,3,0,0
2017,2111,Medchal-Malkajgiri,Kapra,135.35,127.25,221.05,402.8,30,74,18,17,8,4,1,0
2017,2112,Medchal-Malkajgiri,Shamirpet,197.83,110.5,130.33,179.45,31,34,57,16,14,1,0,0
2017,2113,Medchal-Malkajgiri,Keesara,244.05,160.9,201.25,491.9,39,51,32,21,13,4,1,0
2017,2114,Medchal-Malkajgiri,Ghatkesar,194.35,138.9,228.1,217.55,40,58,24,24,16,0,0,0
2017,2201,Hyderabad,Shaikpet,143.65,161.3,159.2,144.45,40,58,24,29,10,1,0,0
2017,2202,Hyderabad,Ameerpet,191.9,169.4,241.1,163.75,37,64,21,23,12,2,0,0
2017,2203,Hyderabad,Secunderabad,211.2,172.95,197.55,204.45,43,55,24,29,11,3,0,0
2017,2204,Hyderabad,Tirumalgiri,255.7,133.6,202.05,197.1,44,62,16,32,9,3,0,0
2017,2205,Hyderabad,Maredpally,238.5,130.85,192.85,197.35,37,53,32,22,12,3,0,0
2017,2206,Hyderabad,Musheerabad,160.05,195.1,201,216.8,43,56,23,29,12,2,0,0
2017,2207,Hyderabad,Amberpet,219.5,202.95,303.35,172.95,42,55,25,27,10,5,0,0
2017,2208,Hyderabad,Himayatnagar,165.45,170.9,204.9,139.15,39,59,24,26,12,1,0,0
2017,2209,Hyderabad,Nampally,234.75,156.4,252.3,159.15,39,56,27,20,17,2,0,0
2017,2210,Hyderabad,Khairatabad,228.9,216.15,241.55,173.3,42,53,27,22,17,3,0,0
2017,2211,Hyderabad,Asifnagar,168.1,162.95,258.6,139.8,44,57,21,30,12,2,0,0
2017,2212,Hyderabad,Golkonda,162.81,131.08,267.02,118.5,46,57,19,33,11,2,0,0
2017,2213,Hyderabad,Bahadurpura,191.65,182.85,255.65,123.4,44,60,18,29,13,2,0,0
2017,2214,Hyderabad,Bandlaguda,172.65,161.3,252.7,122.75,41,58,23,26,14,1,0,0
2017,2215,Hyderabad,Charminar,226.05,207.7,343.65,127.7,45,45,32,26,18,0,1,0
2017,2216,Hyderabad,Saidabad,247.5,191.5,318.9,127.5,40,63,19,21,17,2,0,0
2017,2301,Rangareddy,Shankarpalle,196.78,153.76,112.89,131.25,45,43,34,32,13,0,0,0
2017,2302,Rangareddy,Serilingampally,153.7,171.76,203.5,185.3,34,60,28,20,11,3,0,0
2017,2303,Rangareddy,Gandipet,219.4,155.7,154.3,137.6,35,67,20,22,12,1,0,0
2017,2304,Rangareddy,Rajendranagar,186.95,138.3,158.2,157.65,41,67,14,31,10,0,0,0
2017,2305,Rangareddy,Balapur,196.6,156.5,208.5,104.2,40,48,34,24,16,0,0,0
2017,2306,Rangareddy,Saroornagar,163.6,157.59,222.4,105.2,38,60,24,22,15,1,0,0
2017,2307,Rangareddy,Hayathnagar,198.85,166.45,179.5,192.3,44,54,24,28,15,1,0,0
2017,2308,Rangareddy,Abdullapurmet,190.05,187,169.1,115.2,41,68,13,28,11,2,0,0
2017,2309,Rangareddy,Ibrahimpatnam,166.65,106.64,152.41,110.25,43,35,44,35,7,1,0,0
2017,2310,Rangareddy,Manchal,95.17,103.34,144.13,122.66,37,34,51,28,9,0,0,0
2017,2311,Rangareddy,Yacharam,200.55,86.29,136.1,135.26,37,53,32,28,8,1,0,0
2017,2312,Rangareddy,Madgul,196,95.76,93.98,58.98,33,77,12,23,10,0,0,0
2017,2313,Rangareddy,Amangal,158.2,148.9,90.15,120.05,36,69,17,24,12,0,0,0
2017,2314,Rangareddy,Talakondapalle,157.64,144.71,104.39,47.9,32,37,53,25,7,0,0,0
2017,2315,Rangareddy,Keshampeta,157.68,112.72,142.37,114.89,30,43,49,18,12,0,0,0
2017,2316,Rangareddy,Kadthal,144.95,148.45,95.6,123.5,32,68,22,19,13,0,0,0
2017,2317,Rangareddy,Kandukur,164.2,101,111.05,47.05,32,70,20,23,9,0,0,0
2017,2318,Rangareddy,Maheshwaram,280.2,133.15,94.25,73.8,39,59,24,28,10,1,0,0
2017,2319,Rangareddy,Shamshabad,274.7,135.4,219.8,78.75,41,62,19,29,11,1,0,0
2017,2320,Rangareddy,Moinabad,120.15,171,104.25,160.38,42,41,39,32,10,0,0,0
2017,2321,Rangareddy,Chevella,169.25,114.1,130.75,102.89,35,54,33,24,11,0,0,0
2017,2322,Rangareddy,Shabad,214.05,85.6,79.85,136.5,40,75,7,30,10,0,0,0
2017,2323,Rangareddy,Kothur,198.45,85.75,98.5,82,33,63,26,23,10,0,0,0
2017,2324,Rangareddy,Nandigam,232.2,92.9,108.9,120.4,34,74,14,21,12,1,0,0
2017,2325,Rangareddy,Farooqnagar,239.9,127.2,93.03,101.68,40,64,18,27,13,0,0,0
2017,2326,Rangareddy,Kondurg,327,117.3,112.8,210.9,42,63,17,29,12,0,1,0
2017,2327,Rangareddy,Chowdergudem,273.2,70.8,101.7,182.2,26,95,1,15,10,0,1,0
2017,2401,Vikarabad,Marpalle,126.8,72.6,114.5,108.1,33,70,19,24,9,0,0,0
2017,2402,Vikarabad,Mominpet,187.2,138.25,120.75,82.4,39,48,35,31,8,0,0,0
2017,2403,Vikarabad,Nawabpet,227.2,132.65,60.5,121.6,35,81,6,21,14,0,0,0
2017,2404,Vikarabad,Vikarabad,177.41,170.27,167.6,145.83,40,51,31,24,16,0,0,0
2017,2405,Vikarabad,Pudur,180.81,124.71,197.6,93.57,38,46,38,24,14,0,0,0
2017,2406,Vikarabad,Pargi,158.48,70.8,76.51,74.54,27,54,41,21,6,0,0,0
2017,2407,Vikarabad,Kulkacharla,187.54,110.46,144.62,170.57,41,31,50,24,17,0,0,0
2017,2408,Vikarabad,Doma,193.9,105.95,156,137.65,39,53,30,25,14,0,0,0
2017,2409,Vikarabad,Bomraspeta,83.72,56.81,39.91,84.08,21,50,51,18,3,0,0,0
2017,2410,Vikarabad,Dharur,129,112.3,157.15,115.65,43,53,26,33,10,0,0,0
2017,2411,Vikarabad,Kotepally,144,110.2,116.9,104,34,76,12,24,10,0,0,0
2017,2412,Vikarabad,Bantwaram,129.95,128.98,126.25,125.83,36,45,41,24,12,0,0,0
2017,2413,Vikarabad,Peddemul,92.3,78.45,109.3,59,28,55,39,21,7,0,0,0
2017,2414,Vikarabad,Tandur,235.5,60.9,191.3,139.75,38,62,22,26,10,2,0,0
2017,2415,Vikarabad,Basheerabad,217.38,71.15,139.1,156.04,32,59,31,20,11,0,1,0
2017,2416,Vikarabad,Yelal,260.68,69.3,112.21,127.89,33,27,62,22,10,1,0,0
2017,2417,Vikarabad,Kodangal,170.35,67,94.35,199.15,31,69,22,20,10,1,0,0
2017,2418,Vikarabad,Doulatabad,179.65,92.05,206.95,160.65,35,69,18,21,14,0,0,0
2017,2501,Mahabubnagar,Damaragidda,212.29,81.12,211.37,180.37,34,58,30,17,16,1,0,0
2017,2502,Mahabubnagar,Narayanpet,217.83,92.59,138.06,208.14,41,37,44,28,12,1,0,0
2017,2503,Mahabubnagar,Utkoor,154.9,70.75,150.02,209.64,38,40,44,25,13,0,0,0
2017,2504,Mahabubnagar,Maganoor,249.65,44.85,235.9,379.7,48,58,16,29,16,3,0,0
2017,2505,Mahabubnagar,Krishna,104.3,32.7,162.8,268.2,30,69,23,20,9,1,0,0
2017,2506,Mahabubnagar,Makthal,150.42,56.7,187.87,204.72,47,43,32,35,12,0,0,0
2017,2507,Mahabubnagar,Narva,187.35,60.3,192.85,150.7,43,55,24,30,12,1,0,0
2017,2508,Mahabubnagar,Chinna_Chintha_Kunta,98.88,114.23,116.62,150.72,37,48,37,25,12,0,0,0
2017,2509,Mahabubnagar,Marikal,273.5,111.5,164.7,244.8,39,60,23,22,16,1,0,0
2017,2510,Mahabubnagar,Dhanwada,229.7,95.15,164.55,251.75,40,47,35,26,13,1,0,0
2017,2511,Mahabubnagar,Koilkonda,98.48,126.17,109.17,92.67,36,42,44,28,8,0,0,0
2017,2512,Mahabubnagar,Maddur,234.05,66.4,121.2,110,32,73,17,21,11,0,0,0
2017,2513,Mahabubnagar,Kosgi,226.99,92.87,157.26,175.47,38,59,25,24,13,1,0,0
2017,2514,Mahabubnagar,Gandeed,190.2,105.74,148.87,207.35,41,43,38,26,15,0,0,0
2017,2515,Mahabubnagar,Hanwada,103.15,105.75,86.95,171.95,32,68,22,23,9,0,0,0
2017,2516,Mahabubnagar,Mahabubnagar_Rural,65.7,187.4,109.9,149.4,37,63,22,26,11,0,0,0
2017,2517,Mahabubnagar,Devarkadara,37.8,180.6,192.5,183.05,36,53,33,22,14,0,0,0
2017,2518,Mahabubnagar,Addakal,118.45,124.8,138.25,143.1,34,56,32,23,11,0,0,0
2017,2519,Mahabubnagar,Musapet,127.4,139.9,149.3,145,42,56,24,31,11,0,0,0
2017,2520,Mahabubnagar,Bhoothpur,80.43,122.28,105.15,175.31,34,31,57,23,11,0,0,0
2017,2521,Mahabubnagar,Mahabubnagar_Urban,95.95,134.62,167.88,174.93,43,48,31,31,11,1,0,0
2017,2522,Mahabubnagar,Nawabpet,120.5,113.35,177.4,67.59,35,53,34,26,9,0,0,0
2017,2523,Mahabubnagar,Balanagar,88.95,92.55,121.84,114.27,38,52,32,31,7,0,0,0
2017,2524,Mahabubnagar,Rajapur,36.8,93,120.9,65.3,32,50,40,27,5,0,0,0
2017,2525,Mahabubnagar,Jadcherla,181.3,118.2,115.3,100.4,34,74,14,27,6,1,0,0
2017,2526,Mahabubnagar,Midjil,140.87,101.23,84.95,171.93,32,40,50,22,9,1,0,0
2017,2601,Jogulamba-Gadwal,Kaloor_Timmanadoddi,167.4,53.6,208.4,226.5,38,77,7,24,13,1,0,0
2017,2602,Jogulamba-Gadwal,Dharur,181.46,55.08,146.18,134.52,33,47,42,24,9,0,0,0
2017,2603,Jogulamba-Gadwal,Gadwal,184.6,75.48,138.36,126.66,40,67,15,28,12,0,0,0
2017,2604,Jogulamba-Gadwal,Itikyal,111.34,58.65,269.55,173.89,37,48,37,24,12,1,0,0
2017,2605,Jogulamba-Gadwal,Maldakal,115.4,77.02,155.49,136.78,42,35,45,33,9,0,0,0
2017,2606,Jogulamba-Gadwal,Ghattu,178.35,81.1,169.85,60.4,35,74,13,24,10,1,0,0
2017,2607,Jogulamba-Gadwal,Aiza,132.28,47.65,121.93,113.97,27,56,39,20,7,0,0,0
2017,2608,Jogulamba-Gadwal,Rajoli,70.4,39.1,183.6,112.4,34,61,27,25,9,0,0,0
2017,2609,Jogulamba-Gadwal,Waddepalle,178.45,49.25,230.4,125.4,35,65,22,22,13,0,0,0
2017,2610,Jogulamba-Gadwal,Manopad,154.8,93.8,233.4,133.2,40,38,44,26,14,0,0,0
2017,2611,Jogulamba-Gadwal,Undavelli,140.75,92.85,198.75,125.2,39,42,41,25,14,0,0,0
2017,2612,Jogulamba-Gadwal,Alampur,64.1,132.7,110.4,132.35,32,81,9,21,11,0,0,0
2017,2701,Wanaparthy,Amarchinta,99.7,88.2,128.7,89.9,46,55,21,43,3,0,0,0
2017,2702,Wanaparthy,Madanapur,93.8,149,150.3,97.1,33,65,24,21,12,0,0,0
2017,2703,Wanaparthy,Peddamandadi,102.75,118.55,104.8,138.1,40,53,29,30,10,0,0,0
2017,2704,Wanaparthy,Ghanpur,116.57,148.91,144.12,89.48,40,39,43,32,8,0,0,0
2017,2705,Wanaparthy,Gopalpeta,124.55,138.45,110.15,100.05,43,27,52,37,6,0,0,0
2017,2706,Wanaparthy,Revelly,76.6,123.6,84,99,34,55,33,28,6,0,0,0
2017,2707,Wanaparthy,Pangal,94.86,115.88,166.28,86.09,33,10,79,24,9,0,0,0
2017,2708,Wanaparthy,Wanaparthy,71.4,141.35,162.2,96.2,46,63,13,37,9,0,0,0
2017,2709,Wanaparthy,Kothakota,110.63,162.04,141.23,107.42,42,47,33,29,13,0,0,0
2017,2710,Wanaparthy,Atmakur,151,84.6,191.6,181.5,44,66,12,33,11,0,0,0
2017,2711,Wanaparthy,Pebbair,72.2,104.7,202.45,163.75,38,56,28,27,11,0,0,0
2017,2712,Wanaparthy,Srirangapur,117.9,109,185.8,108,35,74,13,24,10,1,0,0
2017,2713,Wanaparthy,Veepangandla,94.45,144.55,171.35,98.8,38,60,24,28,10,0,0,0
2017,2714,Wanaparthy,Chinnambavi,152.9,166.1,279.6,105.9,42,66,14,27,14,1,0,0
2017,2801,Nagarkurnool,Thimmajipeta,213.2,75.85,136,169.6,35,68,19,24,10,1,0,0
2017,2802,Nagarkurnool,Bijinapalle,84.44,116.4,99.98,72.97,32,37,53,24,8,0,0,0
2017,2803,Nagarkurnool,Nagar_Kurnool,70.2,76.11,58.11,97.15,34,32,56,29,5,0,0,0
2017,2804,Nagarkurnool,Tadoor,152.4,78,98.5,95.3,30,67,25,21,9,0,0,0
2017,2805,Nagarkurnool,Urkonda,92,43.3,75.4,190.6,17,98,7,10,6,1,0,0
2017,2806,Nagarkurnool,Veldanda,181.7,68.8,78.4,101.35,32,81,9,24,8,0,0,0
2017,2807,Nagarkurnool,Charakonda,49.6,68.6,54.9,98.3,25,75,22,22,3,0,0,0
2017,2808,Nagarkurnool,Vangoor,64.1,57.2,83.85,144,27,76,19,20,7,0,0,0
2017,2809,Nagarkurnool,Kalwakurthy,125.11,86.12,101.31,83.14,33,29,60,27,6,0,0,0
2017,2810,Nagarkurnool,Telkapalle,126.15,108.13,98.81,122.71,38,42,42,33,4,1,0,0
2017,2811,Nagarkurnool,Uppunuthala,121.78,71.75,67.42,99.46,32,35,55,27,5,0,0,0
2017,2812,Nagarkurnool,Achampet,172.05,79.2,97.94,159.98,30,59,33,17,13,0,0,0
2017,2813,Nagarkurnool,Amrabad,135.15,42,135.1,153.55,38,49,35,29,9,0,0,0
2017,2814,Nagarkurnool,Padra,101.5,38.45,66.55,127.65,27,77,18,23,4,0,0,0
2017,2815,Nagarkurnool,Balmoor,79.71,81.08,101.54,93.6,32,63,27,25,7,0,0,0
2017,2816,Nagarkurnool,Lingal,99.3,123.1,156.35,257.05,36,54,32,20,14,2,0,0
2017,2817,Nagarkurnool,Peddakothapalle,74.73,170.93,182.98,99.63,44,29,49,31,13,0,0,0
2017,2818,Nagarkurnool,Kodair,51.2,98.9,175.1,92.65,38,54,30,29,9,0,0,0
2017,2819,Nagarkurnool,Kollapur,77.25,137.85,184.2,133.1,38,56,28,27,11,0,0,0
2017,2820,Nagarkurnool,Pentlavelli,24.7,39.4,185,71.7,24,95,3,17,7,0,0,0
2017,2901,Nalgonda,Chityala,132.9,68.15,79.45,170.5,34,68,20,23,10,1,0,0
2017,2902,Nalgonda,Narketpalle,152.89,109.9,115.06,272.12,43,47,32,32,10,1,0,0
2017,2903,Nalgonda,Kattangoor,117.9,87.53,185.26,196.29,34,50,38,23,11,0,0,0
2017,2904,Nalgonda,Saligouraram,151,90.7,196.65,192.25,33,70,19,15,18,0,0,0
2017,2905,Nalgonda,Nakrekal,172.3,140.75,305.9,195.3,43,64,15,25,16,2,0,0
2017,2906,Nalgonda,Kethepalle,147,158.45,216.55,112.85,37,61,24,27,9,1,0,0
2017,2907,Nalgonda,Thipparthi,55.69,129.8,207.37,135.19,33,49,40,23,10,0,0,0
2017,2908,Nalgonda,Nalgonda,135.76,96.99,165.35,254.68,31,42,49,17,13,1,0,0
2017,2909,Nalgonda,Kangal,79.3,123.7,186.3,182.65,34,56,32,24,9,1,0,0
2017,2910,Nalgonda,Munugode,198.3,127.5,166.55,160.7,29,27,66,16,12,1,0,0
2017,2911,Nalgonda,Chandur,225.1,157.51,153.82,238.8,39,57,26,29,7,2,1,0
2017,2912,Nalgonda,Marriguda,112.72,112.79,72.86,170.09,29,66,27,18,11,0,0,0
2017,2913,Nalgonda,Chinthapalle,174.77,93.94,76.82,141.05,39,64,19,32,6,1,0,0
2017,2914,Nalgonda,Nampalle,200.96,80.8,84.57,145.57,27,41,54,16,11,0,0,0
2017,2915,Nalgonda,Gurrampode,164.05,85.2,73.55,126.87,25,58,39,13,12,0,0,0
2017,2916,Nalgonda,Anumula_Haliya,54.5,107.3,103.87,136.05,22,67,33,14,8,0,0,0
2017,2917,Nalgonda,Nidamanur,82.6,79.07,164.73,320.81,30,72,20,22,5,2,1,0
2017,2918,Nalgonda,Thripuraram,106.6,174.33,195.6,123.94,40,57,25,29,11,0,0,0
2017,2919,Nalgonda,Madugulapally,165.2,209.7,205,183.8,45,63,14,28,16,1,0,0
2017,2920,Nalgonda,Vemulapalle,138.25,197.35,227.3,83.6,33,66,23,17,15,1,0,0
2017,2921,Nalgonda,Miryalaguda,143.02,113.84,182.97,87.07,30,79,13,22,7,1,0,0
2017,2922,Nalgonda,Damaracherla,82.64,116.76,128.86,112.57,36,57,29,28,8,0,0,0
2017,2923,Nalgonda,Adavi Devula Palli,99.7,116.7,148,148.3,31,74,17,21,10,0,0,0
2017,2924,Nalgonda,Tirumalagiri_Sagar,85.9,77.6,122.1,149.9,30,58,34,22,8,0,0,0
2017,2925,Nalgonda,Peddavura,72.59,52.7,100.76,97.92,22,71,29,15,7,0,0,0
2017,2926,Nalgonda,Pedda_Adiserlapalle,87.46,65.21,127.6,131.81,32,59,31,23,9,0,0,0
2017,2927,Nalgonda,Neredugommu,127.4,29.4,63.3,155.8,19,89,14,11,8,0,0,0
2017,2928,Nalgonda,Kondamallapally,118,84,108.8,105.2,38,75,9,30,8,0,0,0
2017,2929,Nalgonda,Devarakonda,123.75,74.72,117.16,101.03,42,52,28,35,7,0,0,0
2017,2930,Nalgonda,Gundlapalle,96.01,55.3,96.94,81.52,33,56,33,30,3,0,0,0
2017,2931,Nalgonda,Chandampet,159.51,46.94,95.77,137.72,33,56,33,23,10,0,0,0
2017,3001,Suryapet,Nagaram,155.2,176.7,189,122,34,81,7,21,12,1,0,0
2017,3002,Suryapet,Thirumalagiri,141.4,177.7,177.95,205.65,45,61,16,31,14,0,0,0
2017,3003,Suryapet,Thungathurthi,176.8,196,181.8,142.5,41,47,34,23,18,0,0,0
2017,3004,Suryapet,Maddirala,107.4,182,149.4,62.9,33,81,8,22,11,0,0,0
2017,3005,Suryapet,Noothankal,204.7,150.2,157.5,47,33,35,54,23,10,0,0,0
2017,3006,Suryapet,Jajireddigudem,223.2,97.05,198.7,132.9,31,78,13,18,12,1,0,0
2017,3007,Suryapet,Suryapet,163.34,176.07,224.7,127.46,47,43,32,31,16,0,0,0
2017,3008,Suryapet,Atmakur_S,177.95,122.85,229.7,66.6,36,71,15,24,12,0,0,0
2017,3009,Suryapet,Mothey,110.09,133.35,140.77,34.43,29,41,52,20,9,0,0,0
2017,3010,Suryapet,Chivvemla,174.37,175.9,167.79,52.8,37,65,20,24,13,0,0,0
2017,3011,Suryapet,Penpahad,140.83,165.82,255.8,102.29,39,62,21,25,14,0,0,0
2017,3012,Suryapet,Munagala,194.2,206.55,236.35,188.8,34,69,19,19,11,4,0,0
2017,3013,Suryapet,Nadigudem,149.4,160.3,189.2,160.9,36,61,25,22,13,1,0,0
2017,3014,Suryapet,Ananthagiri,170.25,173.25,181.6,54.3,36,57,29,25,10,1,0,0
2017,3015,Suryapet,Kodad,144.95,223.9,202.3,93.7,44,55,23,29,15,0,0,0
2017,3016,Suryapet,Chilkur,113,197.25,261.05,100.1,38,64,20,24,13,1,0,0
2017,3017,Suryapet,Garidepalle,175.07,142.65,164.58,135.63,30,57,35,19,10,1,0,0
2017,3018,Suryapet,Neredcherla,127.55,149.14,181.14,69.62,35,65,22,22,13,0,0,0
2017,3019,Suryapet,Palakeedu,124.1,152.4,203.6,69.5,37,61,24,24,13,0,0,0
2017,3020,Suryapet,Mattampalle,142.38,128.14,124.43,90.2,27,46,49,16,11,0,0,0
2017,3021,Suryapet,Huzur Nagar,146.1,143.4,193.6,169.1,40,56,26,28,12,0,0,0
2017,3022,Suryapet,Mellachervu,109.8,138.25,121.3,142.65,28,54,40,19,9,0,0,0
2017,3023,Suryapet,Chinthala Palem,64.8,117.8,98.4,118.8,19,102,1,11,8,0,0,0
2017,3101,Khammam,Singareni,222.65,185.85,212.6,119.55,42,54,26,24,18,0,0,0
2017,3102,Khammam,Kamepalle,250.25,212.75,245.05,175,49,52,21,25,24,0,0,0
2017,3103,Khammam,Raghunadhapalem,223.95,199.35,291.8,143.6,42,52,28,26,15,0,1,0
2017,3104,Khammam,Khammam_Rural,180.75,149.25,279,119.85,37,66,19,21,15,1,0,0
2017,3105,Khammam,Thirumalayapalem,209.98,207.85,254.11,154.35,48,27,47,29,19,0,0,0
2017,3106,Khammam,Kusumanchi,214.05,182,205.75,112.65,37,69,16,19,18,0,0,0
2017,3107,Khammam,Nelakondapalle,135,197.65,273.55,195.1,44,61,17,28,14,2,0,0
2017,3108,Khammam,Mudigonda,176.25,178.53,230.05,114.83,38,57,27,20,18,0,0,0
2017,3109,Khammam,Chinthakani,197.16,218.73,254.2,97.25,38,56,28,22,15,1,0,0
2017,3110,Khammam,Khammam_Urban,215.93,179.57,309.75,104.67,45,52,25,28,16,0,1,0
2017,3111,Khammam,Konijerla,247.99,168.86,293.75,98.21,40,44,38,20,19,1,0,0
2017,3112,Khammam,Enkuru,218.7,240.13,233.32,121.5,44,50,28,22,21,1,0,0
2017,3113,Khammam,Kalluru,244.15,194.55,198.3,91.7,42,59,21,27,15,0,0,0
2017,3114,Khammam,Penuballi,233.68,196.61,262.93,118.77,49,50,23,29,20,0,0,0
2017,3115,Khammam,Sathupalle,275.36,243.17,321.11,100.16,47,24,51,22,25,0,0,0
2017,3116,Khammam,Vemsoor,265.3,240.35,249.7,135.55,45,57,20,24,20,1,0,0
2017,3117,Khammam,Thallada,194.62,198.3,188.71,195.53,47,54,21,25,21,1,0,0
2017,3118,Khammam,Wyra,165.55,166.18,148.3,91.37,36,25,61,25,11,0,0,0
2017,3119,Khammam,Bonakal,204.7,195.75,260.75,223.1,41,59,22,23,16,2,0,0
2017,3120,Khammam,Madhira,228.27,198.43,206.74,64.17,43,35,44,29,12,2,0,0
2017,3121,Khammam,Yerrupalem,307.35,244.9,188.7,91.45,43,53,26,24,18,1,0,0
